id,predictions,round_no
UPP.AF,0.009999999999999995,117
QPZ.AF,-0.19,117
FNABSV.AF,0.15000000000000002,117
JBPXCUNEZN.AF,0.009999999999999995,117
IBYGNF.AF,0.009999999999999995,117
